{
  "name": "chss-service-blank",
  "version": "0.0.0",
  "description": "",
  "main": "start.js",
  "scripts": {
    "test": "echo \"Error: no test specified\" && exit 1",
    "dev": "nodemon start.js",
    "start": "node start.js"
  },
  "author": "",
  "license": "ISC",
  "bugs": {
    "url": "https://github.com/mikilukasik/chss-service-logger/issues"
  },
  "homepage": "https://github.com/mikilukasik/chss-service-logger#readme",
  "dependencies": {
    "babel-preset-env": "^1.7.0",
    "babel-register": "^6.26.0"
  },
  "devDependencies": {
    "@babel/register": "^7.13.16"
  }
}
